<?xml version="1.0" standalone="yes"?>
<Root>
	<EI-T7300BBEGAR>	
		<CODE>8806092511002</CODE>	
		<TYPE>EAN</TYPE>
	</EI-T7300BBEGAR>
	<EI-T7300BBEGBR>
		<CODE>8806090876424</CODE>
		<TYPE>EAN</TYPE>
	</EI-T7300BBEGBR>	 
	<EI-T7300BBEGCA>
		<CODE>887276476537</CODE>
		<TYPE>UPC</TYPE>
	</EI-T7300BBEGCA>
	<EI-T7300BBEGEU>	
		<CODE>8806090854477</CODE>	
		<TYPE>EAN</TYPE>
	</EI-T7300BBEGEU>
	<EI-T7300BBEGID>	
		<CODE>8806090873461</CODE>	 
		<TYPE>EAN</TYPE>
	</EI-T7300BBEGID>	
	<EI-T7300BBEGIN>	
		<CODE>8806092064409</CODE>
		<TYPE>EAN</TYPE>
	</EI-T7300BBEGIN>		
	<EI-T7300BBEGKR>	
		<CODE>8806090856884</CODE>	
		<TYPE>EAN</TYPE>
	</EI-T7300BBEGKR>		
	<EI-T7300BBEGMX>	
		<CODE>8806090876417</CODE>	
		<TYPE>EAN</TYPE>
	</EI-T7300BBEGMX>		
	<EI-T7300BBEGTW>	
		<CODE>8806090973543</CODE>	
		<TYPE>EAN</TYPE>
	</EI-T7300BBEGTW>		
	<EI-T7300BBEGUS>		
		<CODE>887276520223</CODE>
		<TYPE>UPC</TYPE>
	</EI-T7300BBEGUS>
	<EI-T7300BBEGWW>	
		<CODE>8806090840050</CODE>	 
		<TYPE>EAN</TYPE>
	</EI-T7300BBEGWW>
	<EI-T7300BBEGZA>	
		<CODE>8806092010994</CODE>	
		<TYPE>EAN</TYPE>
	</EI-T7300BBEGZA>	
	<EI-T7300BLEGAR>	
		<CODE>8806092510999</CODE>
		<TYPE>EAN</TYPE>
	</EI-T7300BLEGAR>		
	<EI-T7300BLEGBR>	
		<CODE>8806092286108</CODE>
		<TYPE>EAN</TYPE>
	</EI-T7300BLEGBR>		
	<EI-T7300BLEGCA>		
		<CODE></CODE>
		<TYPE>UPC</TYPE>
	</EI-T7300BLEGCA>	
	<EI-T7300BLEGEU>	
		<CODE>8806092265745</CODE>	
		<TYPE>EAN</TYPE>
	</EI-T7300BLEGEU>		
	<EI-T7300BLEGKR>	
		<CODE>8806092254664</CODE>
		<TYPE>EAN</TYPE>
	</EI-T7300BLEGKR>			
	<EI-T7300BLEGMX>	
		<CODE>8806092509627</CODE>
		<TYPE>EAN</TYPE>
	</EI-T7300BLEGMX>		
	<EI-T7300BLEGTW>	
		<CODE>8806092265608</CODE>	 
		<TYPE>EAN</TYPE>
	</EI-T7300BLEGTW>	
	<EI-T7300BLEGUS>		
		<CODE>887276542287</CODE>
		<TYPE>UPC</TYPE>
	</EI-T7300BLEGUS>	
	<EI-T7300BLEGWW>	
		<CODE>8806092513587</CODE>	
		<TYPE>EAN</TYPE>
	</EI-T7300BLEGWW>		
	<EI-T7300MLEGAR>	
		<CODE>8806092511071</CODE>	
		<TYPE>EAN</TYPE>
	</EI-T7300MLEGAR>
	<EI-T7300MLEGBR>	
		<CODE>8806092278578</CODE>
		<TYPE>EAN</TYPE>
	</EI-T7300MLEGBR>		
	<EI-T7300MLEGCA>		
		<CODE></CODE>
		<TYPE>UPC</TYPE>
	</EI-T7300MLEGCA>
	<EI-T7300MLEGEU>	
		<CODE>8806092265752</CODE>
		<TYPE>EAN</TYPE>
	</EI-T7300MLEGEU>		
	<EI-T7300MLEGID>	
		<CODE>8806092511033</CODE>
		<TYPE>EAN</TYPE>
	</EI-T7300MLEGID>		
	<EI-T7300MLEGKR>	
		<CODE>8806092254657</CODE>	
		<TYPE>EAN</TYPE>
	</EI-T7300MLEGKR>		
	<EI-T7300MLEGMX>	
		<CODE>8806092509610</CODE>
		<TYPE>EAN</TYPE>
	</EI-T7300MLEGMX>		
	<EI-T7300MLEGTW>	
		<CODE>8806092265677</CODE>	
		<TYPE>EAN</TYPE>
	</EI-T7300MLEGTW>		
	<EI-T7300MLEGUS>		
		<CODE>887276542270</CODE>
		<TYPE>UPC</TYPE>
	</EI-T7300MLEGUS>
	<EI-T7300MLEGWW>	
		<CODE>8806092513747</CODE>	
		<TYPE>EAN</TYPE>
	</EI-T7300MLEGWW>		
</Root>